{"cameraMode":{"drawMode":0,"name":"Shaded","section":"Shading Mode"},"sceneLighting":false,"audioPlay":false,"sceneViewState":{"showFog":true,"showMaterialUpdate":true,"showSkybox":true,"showFlares":true,"showImageEffects":true,"showParticleSystems":true},"in2DMode":false,"pivot":{"x":6.046743392944336,"y":0.7679797410964966,"z":-10.272974967956543},"rotation":{"x":0.08670840412378311,"y":-0.9015634059906006,"z":0.21349357068538667,"w":0.36617720127105715},"size":2.428253173828125,"orthographic":false}