{"cameraMode":{"drawMode":0,"name":"Shaded","section":"Shading Mode"},"sceneLighting":false,"audioPlay":false,"sceneViewState":{"showFog":true,"showMaterialUpdate":true,"showSkybox":true,"showFlares":true,"showImageEffects":true,"showParticleSystems":true},"in2DMode":false,"pivot":{"x":-0.018900275230407716,"y":0.01899489387869835,"z":-0.23406744003295899},"rotation":{"x":0.10407163947820664,"y":-0.8873849511146545,"z":0.24561071395874024,"w":0.3760215938091278},"size":0.1689278781414032,"orthographic":false}