{"cameraMode":{"drawMode":0,"name":"Shaded","section":"Shading Mode"},"sceneLighting":true,"audioPlay":false,"sceneViewState":{"showFog":true,"showMaterialUpdate":true,"showSkybox":true,"showFlares":true,"showImageEffects":true,"showParticleSystems":true},"in2DMode":false,"pivot":{"x":-10.167319297790528,"y":-3.541616439819336,"z":-15.511621475219727},"rotation":{"x":0.11717115342617035,"y":-0.860797107219696,"z":0.22993172705173493,"w":0.43866926431655886},"size":15.78702163696289,"orthographic":false}