{"cameraMode":{"drawMode":0,"name":"Shaded","section":"Shading Mode"},"sceneLighting":false,"audioPlay":false,"sceneViewState":{"showFog":true,"showMaterialUpdate":true,"showSkybox":true,"showFlares":true,"showImageEffects":true,"showParticleSystems":true},"in2DMode":false,"pivot":{"x":4.194743633270264,"y":0.8279796838760376,"z":-10.421441078186036},"rotation":{"x":-0.01602865569293499,"y":0.9713564515113831,"z":-0.2269398719072342,"w":-0.06861556321382523},"size":5.7282538414001469,"orthographic":false}