{"cameraMode":{"drawMode":0,"name":"Shaded","section":"Shading Mode"},"sceneLighting":true,"audioPlay":false,"sceneViewState":{"showFog":true,"showMaterialUpdate":true,"showSkybox":true,"showFlares":true,"showImageEffects":true,"showParticleSystems":true},"in2DMode":false,"pivot":{"x":-5.496369361877441,"y":0.4287424087524414,"z":-16.21154022216797},"rotation":{"x":0.11033313721418381,"y":-0.8438440561294556,"z":0.19022798538208009,"w":0.4894559681415558},"size":25.45604133605957,"orthographic":false}