{"cameraMode":{"drawMode":0,"name":"Shaded","section":"Shading Mode"},"sceneLighting":true,"audioPlay":false,"sceneViewState":{"showFog":true,"showMaterialUpdate":true,"showSkybox":true,"showFlares":true,"showImageEffects":true,"showParticleSystems":true},"in2DMode":false,"pivot":{"x":-23.068832397460939,"y":50.37851333618164,"z":-74.81271362304688},"rotation":{"x":-0.2103411853313446,"y":0.3294455409049988,"z":-0.07554881274700165,"w":-0.9173410534858704},"size":1.7147332429885865,"orthographic":false}