{"cameraMode":{"drawMode":0,"name":"Shaded","section":"Shading Mode"},"sceneLighting":false,"audioPlay":false,"sceneViewState":{"showFog":false,"showMaterialUpdate":false,"showSkybox":false,"showFlares":false,"showImageEffects":false,"showParticleSystems":false},"in2DMode":false,"pivot":{"x":0.29399001598358157,"y":1.0912326574325562,"z":-9.47240161895752},"rotation":{"x":0.09955186396837235,"y":-0.8828652501106262,"z":0.21747544407844544,"w":0.40415698289871218},"size":7.240023136138916,"orthographic":false}