{"cameraMode":{"drawMode":0,"name":"Shaded","section":"Shading Mode"},"sceneLighting":true,"audioPlay":false,"sceneViewState":{"showFog":true,"showMaterialUpdate":true,"showSkybox":true,"showFlares":true,"showImageEffects":true,"showParticleSystems":true},"in2DMode":false,"pivot":{"x":-636.7478637695313,"y":-491.97900390625,"z":-756.3944702148438},"rotation":{"x":0.08174284547567368,"y":-0.9165810346603394,"z":0.24637869000434876,"w":0.30412986874580386},"size":1169.700439453125,"orthographic":false}