{"cameraMode":{"drawMode":0,"name":"Shaded","section":"Shading Mode"},"sceneLighting":false,"audioPlay":false,"sceneViewState":{"showFog":true,"showMaterialUpdate":true,"showSkybox":true,"showFlares":true,"showImageEffects":true,"showParticleSystems":true},"in2DMode":false,"pivot":{"x":-7.730000019073486,"y":0.7205890417098999,"z":-1.9299999475479127},"rotation":{"x":0.09955186396837235,"y":-0.8828652501106262,"z":0.21747544407844544,"w":0.40415698289871218},"size":16.605449676513673,"orthographic":false}