{"cameraMode":{"drawMode":0,"name":"Shaded","section":"Shading Mode"},"sceneLighting":true,"audioPlay":false,"sceneViewState":{"showFog":true,"showMaterialUpdate":true,"showSkybox":true,"showFlares":true,"showImageEffects":true,"showParticleSystems":true},"in2DMode":false,"pivot":{"x":-184.78533935546876,"y":-161.9937286376953,"z":-47.38835144042969},"rotation":{"x":-0.34840723872184756,"y":0.5826006531715393,"z":-0.3036124110221863,"w":-0.6685869097709656},"size":281.73431396484377,"orthographic":false}