{"cameraMode":{"drawMode":0,"name":"Shaded","section":"Shading Mode"},"sceneLighting":false,"audioPlay":false,"sceneViewState":{"showFog":true,"showMaterialUpdate":true,"showSkybox":true,"showFlares":true,"showImageEffects":true,"showParticleSystems":true},"in2DMode":false,"pivot":{"x":-11.149999618530274,"y":0.25575071573257449,"z":-13.619999885559082},"rotation":{"x":0.11717115342617035,"y":-0.860797107219696,"z":0.22993172705173493,"w":0.43866926431655886},"size":2.289280414581299,"orthographic":false}