{"cameraMode":{"drawMode":0,"name":"Shaded","section":"Shading Mode"},"sceneLighting":false,"audioPlay":false,"sceneViewState":{"showFog":true,"showMaterialUpdate":true,"showSkybox":true,"showFlares":true,"showImageEffects":true,"showParticleSystems":true},"in2DMode":false,"pivot":{"x":-7.993324279785156,"y":0.17749881744384767,"z":-16.960670471191408},"rotation":{"x":-0.01602865569293499,"y":0.9713564515113831,"z":-0.2269398719072342,"w":-0.06861556321382523},"size":13.970057487487793,"orthographic":false}