{"cameraMode":{"drawMode":0,"name":"Shaded","section":"Shading Mode"},"sceneLighting":true,"audioPlay":false,"sceneViewState":{"showFog":true,"showMaterialUpdate":true,"showSkybox":true,"showFlares":true,"showImageEffects":true,"showParticleSystems":true},"in2DMode":false,"pivot":{"x":5.642684459686279,"y":3.1483683586120607,"z":-11.469382286071778},"rotation":{"x":0.10242318361997605,"y":-0.8657675981521606,"z":0.19790072739124299,"w":0.448097288608551},"size":1.4919912815093995,"orthographic":false}