{"cameraMode":{"drawMode":0,"name":"Shaded","section":"Shading Mode"},"sceneLighting":true,"audioPlay":false,"sceneViewState":{"showFog":true,"showMaterialUpdate":true,"showSkybox":true,"showFlares":true,"showImageEffects":true,"showParticleSystems":true},"in2DMode":false,"pivot":{"x":13.100640296936036,"y":3.8697752952575685,"z":-8.570711135864258},"rotation":{"x":0.005313023924827576,"y":-0.9728978276252747,"z":0.23007844388484956,"w":0.022484835237264634},"size":1.4919912815093995,"orthographic":false}