{"cameraMode":{"drawMode":0,"name":"Shaded","section":"Shading Mode"},"sceneLighting":true,"audioPlay":false,"sceneViewState":{"showFog":true,"showMaterialUpdate":true,"showSkybox":true,"showFlares":true,"showImageEffects":true,"showParticleSystems":true},"in2DMode":false,"pivot":{"x":-111.53272247314453,"y":16.73137664794922,"z":-55.9812126159668},"rotation":{"x":0.13789241015911103,"y":-0.6895318031311035,"z":0.13626237213611604,"w":0.6978281140327454},"size":129.95849609375,"orthographic":false}