{"cameraMode":{"drawMode":0,"name":"Shaded","section":"Shading Mode"},"sceneLighting":false,"audioPlay":false,"sceneViewState":{"showFog":true,"showMaterialUpdate":true,"showSkybox":true,"showFlares":true,"showImageEffects":true,"showParticleSystems":true},"in2DMode":false,"pivot":{"x":46.494510650634769,"y":59.181949615478519,"z":100.17364501953125},"rotation":{"x":-0.01602865569293499,"y":0.9713564515113831,"z":-0.2269398719072342,"w":-0.06861556321382523},"size":17.242475509643556,"orthographic":false}