{"cameraMode":{"drawMode":0,"name":"Shaded","section":"Shading Mode"},"sceneLighting":false,"audioPlay":false,"sceneViewState":{"showFog":true,"showMaterialUpdate":true,"showSkybox":true,"showFlares":true,"showImageEffects":true,"showParticleSystems":true},"in2DMode":false,"pivot":{"x":0.3096138536930084,"y":1.0912326574325562,"z":-9.47240161895752},"rotation":{"x":0.08581699430942536,"y":-0.9141786694526672,"z":0.27950772643089297,"w":0.28069257736206057},"size":7.912556171417236,"orthographic":false}