{"cameraMode":{"drawMode":0,"name":"Shaded","section":"Shading Mode"},"sceneLighting":true,"audioPlay":false,"sceneViewState":{"showFog":true,"showMaterialUpdate":true,"showSkybox":true,"showFlares":true,"showImageEffects":true,"showParticleSystems":true},"in2DMode":false,"pivot":{"x":-46.944305419921878,"y":36.503936767578128,"z":-71.66349792480469},"rotation":{"x":0.12335763871669769,"y":-0.8735386729240418,"z":0.36993902921676638,"w":0.2913045287132263},"size":39.474098205566409,"orthographic":false}