{"cameraMode":{"drawMode":0,"name":"Shaded","section":"Shading Mode"},"sceneLighting":false,"audioPlay":false,"sceneViewState":{"showFog":true,"showMaterialUpdate":true,"showSkybox":true,"showFlares":true,"showImageEffects":true,"showParticleSystems":true},"in2DMode":false,"pivot":{"x":2.6946394443511965,"y":2.0220112800598146,"z":-11.38148307800293},"rotation":{"x":0.08670840412378311,"y":-0.9015634059906006,"z":0.21349357068538667,"w":0.36617720127105715},"size":11.446826934814454,"orthographic":false}