{"cameraMode":{"drawMode":0,"name":"Shaded","section":"Shading Mode"},"sceneLighting":true,"audioPlay":false,"sceneViewState":{"showFog":true,"showMaterialUpdate":true,"showSkybox":true,"showFlares":true,"showImageEffects":true,"showParticleSystems":true},"in2DMode":false,"pivot":{"x":-49.922142028808597,"y":44.06752395629883,"z":-60.37834167480469},"rotation":{"x":0.07431000471115112,"y":-0.9244964718818665,"z":0.287596195936203,"w":0.238899365067482},"size":4.966401100158691,"orthographic":false}