{"cameraMode":{"drawMode":0,"name":"Shaded","section":"Shading Mode"},"sceneLighting":true,"audioPlay":false,"sceneViewState":{"showFog":true,"showMaterialUpdate":true,"showSkybox":true,"showFlares":true,"showImageEffects":true,"showParticleSystems":true},"in2DMode":false,"pivot":{"x":-499.49078369140627,"y":3.769068956375122,"z":42.81011962890625},"rotation":{"x":0.12335763871669769,"y":-0.8735386729240418,"z":0.36993902921676638,"w":0.2913045287132263},"size":14.362234115600586,"orthographic":false}