{"cameraMode":{"drawMode":0,"name":"Shaded","section":"Shading Mode"},"sceneLighting":false,"audioPlay":false,"sceneViewState":{"showFog":true,"showMaterialUpdate":true,"showSkybox":true,"showFlares":true,"showImageEffects":true,"showParticleSystems":true},"in2DMode":false,"pivot":{"x":4.131599426269531,"y":12.912948608398438,"z":-20.564998626708986},"rotation":{"x":-0.0662083551287651,"y":-0.9326714873313904,"z":0.2733355760574341,"w":-0.22589407861232758},"size":307.24603271484377,"orthographic":false}