{"cameraMode":{"drawMode":0,"name":"Shaded","section":"Shading Mode"},"sceneLighting":false,"audioPlay":false,"sceneViewState":{"showFog":true,"showMaterialUpdate":true,"showSkybox":true,"showFlares":true,"showImageEffects":true,"showParticleSystems":true},"in2DMode":false,"pivot":{"x":0.4909430742263794,"y":0.8639444708824158,"z":-9.500016212463379},"rotation":{"x":0.09955186396837235,"y":-0.8828652501106262,"z":0.21747544407844544,"w":0.40415698289871218},"size":2.7474892139434816,"orthographic":false}