{"cameraMode":{"drawMode":0,"name":"Shaded","section":"Shading Mode"},"sceneLighting":false,"audioPlay":false,"sceneViewState":{"showFog":true,"showMaterialUpdate":true,"showSkybox":true,"showFlares":true,"showImageEffects":true,"showParticleSystems":true},"in2DMode":false,"pivot":{"x":-7.993324279785156,"y":0.17749881744384767,"z":-16.960670471191408},"rotation":{"x":0.09955186396837235,"y":-0.8828652501106262,"z":0.21747544407844544,"w":0.40415698289871218},"size":13.970057487487793,"orthographic":false}