{"cameraMode":{"drawMode":0,"name":"Shaded","section":"Shading Mode"},"sceneLighting":true,"audioPlay":false,"sceneViewState":{"showFog":true,"showMaterialUpdate":true,"showSkybox":true,"showFlares":true,"showImageEffects":true,"showParticleSystems":true},"in2DMode":false,"pivot":{"x":-467.8284606933594,"y":-16.044918060302736,"z":86.679443359375},"rotation":{"x":-0.21637418866157533,"y":0.654841959476471,"z":-0.20393666625022889,"w":-0.6948195099830627},"size":85.8548812866211,"orthographic":false}