{"cameraMode":{"drawMode":0,"name":"Shaded","section":"Shading Mode"},"sceneLighting":false,"audioPlay":false,"sceneViewState":{"showFog":true,"showMaterialUpdate":true,"showSkybox":true,"showFlares":true,"showImageEffects":true,"showParticleSystems":true},"in2DMode":false,"pivot":{"x":0.29399001598358157,"y":1.0912326574325562,"z":-9.47240161895752},"rotation":{"x":0.08670840412378311,"y":-0.9015634059906006,"z":0.21349357068538667,"w":0.36617720127105715},"size":5.728250980377197,"orthographic":false}