{"cameraMode":{"drawMode":0,"name":"Shaded","section":"Shading Mode"},"sceneLighting":false,"audioPlay":false,"sceneViewState":{"showFog":true,"showMaterialUpdate":true,"showSkybox":true,"showFlares":true,"showImageEffects":true,"showParticleSystems":true},"in2DMode":false,"pivot":{"x":-4.059237480163574,"y":2.2726376056671144,"z":-5.046908855438232},"rotation":{"x":-0.010081435553729535,"y":0.9865160584449768,"z":-0.14911139011383058,"w":-0.06671087443828583},"size":15.928132057189942,"orthographic":false}