{"cameraMode":{"drawMode":0,"name":"Shaded","section":"Shading Mode"},"sceneLighting":true,"audioPlay":false,"sceneViewState":{"showFog":true,"showMaterialUpdate":true,"showSkybox":true,"showFlares":true,"showImageEffects":true,"showParticleSystems":true},"in2DMode":false,"pivot":{"x":-0.9755511283874512,"y":0.22057676315307618,"z":-21.71181869506836},"rotation":{"x":0.08133656531572342,"y":-0.9081817865371704,"z":0.20902962982654572,"w":0.3534075617790222},"size":23.500635147094728,"orthographic":false}