{"cameraMode":{"drawMode":0,"name":"Shaded","section":"Shading Mode"},"sceneLighting":true,"audioPlay":false,"sceneViewState":{"showFog":true,"showMaterialUpdate":true,"showSkybox":true,"showFlares":true,"showImageEffects":true,"showParticleSystems":true},"in2DMode":false,"pivot":{"x":-520.2361450195313,"y":-40.01612091064453,"z":20.004701614379884},"rotation":{"x":0.1386578530073166,"y":-0.8598188161849976,"z":0.37390750646591189,"w":0.3188712000846863},"size":85.8548812866211,"orthographic":false}