{"cameraMode":{"drawMode":0,"name":"Shaded","section":"Shading Mode"},"sceneLighting":true,"audioPlay":false,"sceneViewState":{"showFog":true,"showMaterialUpdate":true,"showSkybox":true,"showFlares":true,"showImageEffects":true,"showParticleSystems":true},"in2DMode":false,"pivot":{"x":-51.414306640625,"y":37.09393310546875,"z":-72.5534896850586},"rotation":{"x":0.12335763871669769,"y":-0.8735386729240418,"z":0.36993902921676638,"w":0.2913045287132263},"size":17.242475509643556,"orthographic":false}