{"cameraMode":{"drawMode":0,"name":"Shaded","section":"Shading Mode"},"sceneLighting":false,"audioPlay":false,"sceneViewState":{"showFog":true,"showMaterialUpdate":true,"showSkybox":true,"showFlares":true,"showImageEffects":true,"showParticleSystems":true},"in2DMode":false,"pivot":{"x":-13.244918823242188,"y":0.24575036764144898,"z":-8.61521053314209},"rotation":{"x":0.09955186396837235,"y":-0.8828652501106262,"z":0.21747544407844544,"w":0.40415698289871218},"size":6.42521858215332,"orthographic":false}