{"cameraMode":{"drawMode":0,"name":"Shaded","section":"Shading Mode"},"sceneLighting":true,"audioPlay":false,"sceneViewState":{"showFog":true,"showMaterialUpdate":true,"showSkybox":true,"showFlares":true,"showImageEffects":true,"showParticleSystems":true},"in2DMode":false,"pivot":{"x":-176.8286590576172,"y":-109.4832763671875,"z":-99.87374877929688},"rotation":{"x":-0.16691258549690247,"y":0.832586407661438,"z":-0.3888205587863922,"w":-0.35743340849876406},"size":281.73431396484377,"orthographic":false}