{"cameraMode":{"drawMode":0,"name":"Shaded","section":"Shading Mode"},"sceneLighting":false,"audioPlay":false,"sceneViewState":{"showFog":true,"showMaterialUpdate":true,"showSkybox":true,"showFlares":true,"showImageEffects":true,"showParticleSystems":true},"in2DMode":false,"pivot":{"x":46.807777404785159,"y":58.529991149902347,"z":100.76359558105469},"rotation":{"x":-0.01602865569293499,"y":0.9713564515113831,"z":-0.2269398719072342,"w":-0.06861556321382523},"size":5.747501373291016,"orthographic":false}