{"cameraMode":{"drawMode":0,"name":"Shaded","section":"Shading Mode"},"sceneLighting":true,"audioPlay":false,"sceneViewState":{"showFog":true,"showMaterialUpdate":true,"showSkybox":true,"showFlares":true,"showImageEffects":true,"showParticleSystems":true},"in2DMode":false,"pivot":{"x":1.6132287979125977,"y":1.6992125511169434,"z":-9.743199348449707},"rotation":{"x":0.14383503794670106,"y":-0.8243553042411804,"z":0.24126861989498139,"w":0.4914664924144745},"size":5.689515590667725,"orthographic":false}