{"cameraMode":{"drawMode":0,"name":"Shaded","section":"Shading Mode"},"sceneLighting":false,"audioPlay":false,"sceneViewState":{"showFog":true,"showMaterialUpdate":true,"showSkybox":true,"showFlares":true,"showImageEffects":true,"showParticleSystems":true},"in2DMode":false,"pivot":{"x":-13.079999923706055,"y":0.26000213623046877,"z":-5.789999961853027},"rotation":{"x":0.11717115342617035,"y":-0.860797107219696,"z":0.22993172705173493,"w":0.43866926431655886},"size":3.3785643577575685,"orthographic":false}