{"cameraMode":{"drawMode":0,"name":"Shaded","section":"Shading Mode"},"sceneLighting":true,"audioPlay":false,"sceneViewState":{"showFog":true,"showMaterialUpdate":true,"showSkybox":true,"showFlares":true,"showImageEffects":true,"showParticleSystems":true},"in2DMode":false,"pivot":{"x":-96.00167846679688,"y":5.5884270668029789,"z":-98.90505981445313},"rotation":{"x":-0.08675243705511093,"y":0.8897719383239746,"z":-0.19029568135738374,"w":-0.40566927194595339},"size":118.74674987792969,"orthographic":false}