{"cameraMode":{"drawMode":0,"name":"Shaded","section":"Shading Mode"},"sceneLighting":true,"audioPlay":false,"sceneViewState":{"showFog":true,"showMaterialUpdate":true,"showSkybox":true,"showFlares":true,"showImageEffects":true,"showParticleSystems":true},"in2DMode":false,"pivot":{"x":636.111083984375,"y":35.622222900390628,"z":0.0},"rotation":{"x":0.12335763871669769,"y":-0.8735386729240418,"z":0.36993902921676638,"w":0.2913045287132263},"size":118.74674987792969,"orthographic":false}