{"cameraMode":{"drawMode":0,"name":"Shaded","section":"Shading Mode"},"sceneLighting":false,"audioPlay":false,"sceneViewState":{"showFog":true,"showMaterialUpdate":true,"showSkybox":true,"showFlares":true,"showImageEffects":true,"showParticleSystems":true},"in2DMode":false,"pivot":{"x":-5.058831214904785,"y":3.3999998569488527,"z":-12.100404739379883},"rotation":{"x":-0.01602865569293499,"y":0.9713564515113831,"z":-0.2269398719072342,"w":-0.06861556321382523},"size":17.324216842651368,"orthographic":false}