{"cameraMode":{"drawMode":0,"name":"Shaded","section":"Shading Mode"},"sceneLighting":true,"audioPlay":false,"sceneViewState":{"showFog":true,"showMaterialUpdate":true,"showSkybox":true,"showFlares":true,"showImageEffects":true,"showParticleSystems":true},"in2DMode":false,"pivot":{"x":4.615561485290527,"y":3.5787487030029299,"z":-7.670466899871826},"rotation":{"x":0.134535014629364,"y":-0.863955020904541,"z":0.3146076500415802,"w":0.3694647550582886},"size":1.4919912815093995,"orthographic":false}