{"cameraMode":{"drawMode":0,"name":"Shaded","section":"Shading Mode"},"sceneLighting":true,"audioPlay":false,"sceneViewState":{"showFog":true,"showMaterialUpdate":true,"showSkybox":true,"showFlares":true,"showImageEffects":true,"showParticleSystems":true},"in2DMode":false,"pivot":{"x":1.7431025505065919,"y":1.3651223182678223,"z":-9.607946395874024},"rotation":{"x":0.09501861780881882,"y":-0.9026813507080078,"z":0.2609591484069824,"w":0.3286917209625244},"size":8.205060958862305,"orthographic":false}