{"cameraMode":{"drawMode":0,"name":"Shaded","section":"Shading Mode"},"sceneLighting":true,"audioPlay":false,"sceneViewState":{"showFog":true,"showMaterialUpdate":true,"showSkybox":true,"showFlares":true,"showImageEffects":true,"showParticleSystems":true},"in2DMode":false,"pivot":{"x":11.78829574584961,"y":5.424614906311035,"z":-15.45346736907959},"rotation":{"x":0.11369626969099045,"y":-0.8400312662124634,"z":0.19334422051906587,"w":0.4940028190612793},"size":1.4919912815093995,"orthographic":false}