{"cameraMode":{"drawMode":0,"name":"Shaded","section":"Shading Mode"},"sceneLighting":true,"audioPlay":false,"sceneViewState":{"showFog":true,"showMaterialUpdate":true,"showSkybox":true,"showFlares":true,"showImageEffects":true,"showParticleSystems":true},"in2DMode":false,"pivot":{"x":0.429384708404541,"y":1.179375171661377,"z":-7.917549133300781},"rotation":{"x":0.14067384600639344,"y":-0.8372941613197327,"z":0.2543538212776184,"w":0.46309131383895876},"size":8.205060958862305,"orthographic":false}