{"cameraMode":{"drawMode":0,"name":"Shaded","section":"Shading Mode"},"sceneLighting":true,"audioPlay":false,"sceneViewState":{"showFog":true,"showMaterialUpdate":true,"showSkybox":true,"showFlares":true,"showImageEffects":true,"showParticleSystems":true},"in2DMode":false,"pivot":{"x":11.85410213470459,"y":5.473010063171387,"z":-17.83205223083496},"rotation":{"x":0.09888596087694168,"y":-0.8941699862480164,"z":0.24431587755680085,"w":0.36192741990089419},"size":7.586833477020264,"orthographic":false}